Year,Player,Position,Age,Team,Games,GamesStarted,MinutesPlayed,3Points,3PAttempts,2Points,2PAttempts,FreeThrows,FTAttempts,Fouls,Points
2017.0,Alex Abrines,SG,23.0,OKC,68.0,,1055.0,,,40.0,94.0,44.0,49.0,114.0,406.0
2017.0,Quincy Acy,PF,26.0,TOT,38.0,1,558.0,,,33.0,80.0,45.0,60.0,67.0,222.0
2017.0,Quincy Acy,PF,26.0,DAL,6.0,0,48.0,1,,4.0,10.0,2.0,3.0,9.0,13.0
2017.0,Quincy Acy,PF,26.0,BRK,32.0,1,510.0,,,29.0,70.0,43.0,57.0,58.0,209.0
2017.0,Steven Adams,C,23.0,OKC,80.0,,2389.0,0,1,374.0,654.0,157.0,257.0,195.0,905.0
2017.0,Arron Afflalo,SG,31.0,SAC,61.0,,1580.0,,,123.0,269.0,83.0,93.0,104.0,515.0
2017.0,Alexis Ajinca,C,28.0,NOP,39.0,,584.0,0,,89.0,174.0,29.0,40.0,77.0,207.0
2017.0,Cole Aldrich,C,28.0,MIN,62.0,0,531.0,0,0,45.0,86.0,15.0,22.0,85.0,105.0
2017.0,LaMarcus Aldridge,PF,31.0,SAS,72.0,,2335.0,,,477.0,993.0,220.0,271.0,158.0,1243.0
2017.0,Lavoy Allen,PF,27.0,IND,61.0,,871.0,0,1,77.0,167.0,23.0,33.0,78.0,177.0
2017.0,Tony Allen,SG,35.0,MEM,71.0,,1914.0,,,259.0,541.0,80.0,130.0,178.0,643.0
2017.0,Al-Farouq Aminu,SF,26.0,POR,61.0,,1773.0,,,113.0,254.0,96.0,136.0,102.0,532.0
2017.0,Chris Andersen,C,38.0,CLE,12.0,0,114.0,0,,9.0,19.0,10.0,14.0,20.0,28.0
2017.0,Alan Anderson,SF,34.0,LAC,30.0,0,308.0,,,16.0,36.0,12.0,16.0,35.0,86.0
2017.0,Justin Anderson,SF,23.0,TOT,75.0,,1228.0,,,128.0,245.0,102.0,129.0,109.0,532.0
2017.0,Justin Anderson,SF,23.0,DAL,51.0,,710.0,,,74.0,155.0,70.0,88.0,64.0,329.0
2017.0,Justin Anderson,SF,23.0,PHI,24.0,,518.0,,,54.0,90.0,32.0,41.0,45.0,203.0
2017.0,Kyle Anderson,SG,23.0,SAS,72.0,,1020.0,,,78.0,169.0,45.0,57.0,63.0,246.0
2017.0,Ryan Anderson,PF,28.0,HOU,72.0,,2116.0,,,119.0,267.0,129.0,150.0,142.0,979.0
2017.0,Giannis Antetokounmpo,SF,22.0,MIL,80.0,,2845.0,,,607.0,1079.0,471.0,612.0,246.0,1832.0
2017.0,Carmelo Anthony,SF,32.0,NYK,74.0,,2538.0,,,451.0,968.0,304.0,365.0,198.0,1659.0
2017.0,Joel Anthony,C,34.0,SAS,19.0,0,122.0,0,0,10.0,16.0,5.0,8.0,11.0,25.0
2017.0,Trevor Ariza,SF,31.0,HOU,80.0,,2773.0,,,135.0,243.0,93.0,126.0,133.0,936.0
2017.0,Darrell Arthur,PF,28.0,DEN,41.0,,639.0,,,42.0,98.0,19.0,22.0,76.0,262.0
2017.0,Omer Asik,C,30.0,NOP,31.0,,482.0,0,0,31.0,65.0,23.0,39.0,51.0,85.0
2017.0,D.J. Augustin,PG,29.0,ORL,78.0,,1538.0,,,100.0,243.0,131.0,161.0,101.0,616.0
2017.0,Luke Babbitt,SF,27.0,MIA,68.0,,1065.0,,,26.0,71.0,11.0,15.0,118.0,324.0
2017.0,Ron Baker,SG,23.0,NYK,52.0,,857.0,,,59.0,131.0,28.0,43.0,74.0,215.0
2017.0,Wade Baldwin,PG,20.0,MEM,33.0,1,405.0,,,33.0,93.0,31.0,37.0,40.0,106.0
2017.0,Leandro Barbosa,SG,34.0,PHO,67.0,0,963.0,,,137.0,294.0,40.0,45.0,82.0,419.0
2017.0,J.J. Barea,PG,32.0,DAL,35.0,,771.0,,,89.0,195.0,44.0,51.0,30.0,381.0
2017.0,Harrison Barnes,PF,24.0,DAL,79.0,,2803.0,,,521.0,1058.0,242.0,281.0,128.0,1518.0
2017.0,Matt Barnes,SF,36.0,TOT,74.0,,1777.0,,,98.0,210.0,70.0,89.0,185.0,527.0
2017.0,Matt Barnes,SF,36.0,SAC,54.0,,1367.0,,,78.0,172.0,50.0,66.0,138.0,413.0
2017.0,Matt Barnes,SF,36.0,GSW,20.0,,410.0,,,20.0,38.0,20.0,23.0,47.0,114.0
2017.0,Will Barton,SG,26.0,DEN,60.0,,1705.0,,,208.0,431.0,143.0,190.0,110.0,820.0
2017.0,Brandon Bass,PF,31.0,LAC,52.0,0,577.0,1,,106.0,183.0,77.0,88.0,45.0,292.0
2017.0,Nicolas Batum,SG,28.0,CHO,77.0,,2617.0,,,258.0,570.0,243.0,284.0,109.0,1164.0
2017.0,Jerryd Bayless,PG,28.0,PHI,3.0,1,71.0,,,9.0,27.0,9.0,10.0,4.0,33.0
2017.0,Aron Baynes,C,30.0,DET,75.0,,1163.0,0,0,143.0,279.0,79.0,94.0,166.0,365.0
2017.0,Kent Bazemore,SF,27.0,ATL,73.0,,1963.0,,,203.0,455.0,119.0,168.0,165.0,801.0
2017.0,Bradley Beal,SG,23.0,WAS,77.0,,2684.0,,,414.0,770.0,282.0,342.0,169.0,1779.0
2017.0,Malik Beasley,SG,20.0,DEN,22.0,1,165.0,,,24.0,45.0,8.0,10.0,10.0,83.0
2017.0,Michael Beasley,PF,28.0,MIL,56.0,,935.0,,,198.0,363.0,78.0,105.0,92.0,528.0
2017.0,Marco Belinelli,SG,30.0,CHO,74.0,0,1778.0,,,162.0,332.0,150.0,168.0,90.0,780.0
2017.0,DeAndre' Bembry,SF,22.0,ATL,38.0,1,371.0,1,,46.0,80.0,6.0,16.0,21.0,101.0
2017.0,Dragan Bender,PF,19.0,PHO,43.0,0,574.0,,,29.0,60.0,4.0,11.0,74.0,146.0
2017.0,Anthony Bennett,PF,23.0,BRK,23.0,1,264.0,,,25.0,44.0,26.0,36.0,18.0,115.0
2017.0,Ben Bentil,PF,21.0,DAL,3.0,0,10.0,0,1,0.0,2.0,0.0,0.0,1.0,0.0
2017.0,Davis Bertans,PF,24.0,SAS,67.0,,808.0,,,34.0,61.0,28.0,34.0,75.0,303.0
2017.0,Patrick Beverley,SG,28.0,HOU,67.0,,2058.0,,,118.0,255.0,73.0,95.0,222.0,639.0
2017.0,Bismack Biyombo,C,24.0,ORL,81.0,,1793.0,0,0,179.0,339.0,125.0,234.0,202.0,483.0
2017.0,Nemanja Bjelica,PF,28.0,MIN,65.0,1,1190.0,,,95.0,179.0,45.0,61.0,154.0,403.0
2017.0,Tarik Black,C,25.0,LAL,67.0,,1091.0,1,,149.0,292.0,82.0,109.0,173.0,383.0
2017.0,Eric Bledsoe,PG,27.0,PHO,66.0,,2176.0,,,345.0,724.0,388.0,458.0,164.0,1390.0
2017.0,Bojan Bogdanovic,SF,27.0,TOT,81.0,,2083.0,,,232.0,453.0,217.0,243.0,146.0,1113.0
2017.0,Bojan Bogdanovic,SF,27.0,BRK,55.0,,1482.0,,,170.0,334.0,146.0,167.0,99.0,783.0
2017.0,Bojan Bogdanovic,SF,27.0,WAS,26.0,0,601.0,,,62.0,119.0,71.0,76.0,47.0,330.0
2017.0,Andrew Bogut,C,32.0,TOT,27.0,,583.0,0,1,38.0,80.0,3.0,11.0,86.0,79.0
2017.0,Andrew Bogut,C,32.0,DAL,26.0,,582.0,0,1,38.0,80.0,3.0,11.0,84.0,79.0
2017.0,Andrew Bogut,C,32.0,CLE,1.0,0,1.0,0,0,0.0,0.0,0.0,0.0,2.0,0.0
2017.0,Joel Bolomboy,PF,23.0,UTA,12.0,0,53.0,1,,8.0,12.0,3.0,6.0,1.0,22.0
2017.0,Devin Booker,SG,20.0,PHO,78.0,,2730.0,,,459.0,1026.0,367.0,441.0,242.0,1726.0
2017.0,Trevor Booker,PF,29.0,BRK,71.0,,1754.0,,,280.0,513.0,74.0,110.0,152.0,709.0
2017.0,Avery Bradley,SG,26.0,BOS,55.0,,1835.0,,,251.0,498.0,68.0,93.0,141.0,894.0
2017.0,Corey Brewer,SF,30.0,TOT,82.0,,1281.0,,,120.0,230.0,50.0,68.0,133.0,371.0
2017.0,Corey Brewer,SF,30.0,HOU,58.0,,923.0,,,72.0,133.0,32.0,44.0,104.0,242.0
2017.0,Corey Brewer,SF,30.0,LAL,24.0,,358.0,,,48.0,97.0,18.0,24.0,29.0,129.0
2017.0,Malcolm Brogdon,SG,24.0,MIL,75.0,,1982.0,,,212.0,442.0,109.0,126.0,140.0,767.0
2017.0,Aaron Brooks,PG,32.0,IND,65.0,0,894.0,,,73.0,172.0,32.0,40.0,93.0,322.0
2017.0,Anthony Brown,SF,24.0,TOT,11.0,0,159.0,,,11.0,23.0,0.0,0.0,15.0,43.0
2017.0,Anthony Brown,SF,24.0,NOP,9.0,0,143.0,,,8.0,17.0,0.0,0.0,13.0,34.0
2017.0,Anthony Brown,SF,24.0,ORL,2.0,0,16.0,1,,3.0,6.0,0.0,0.0,2.0,9.0
2017.0,Bobby Brown,PG,32.0,HOU,25.0,0,123.0,,,9.0,25.0,2.0,2.0,5.0,62.0
2017.0,Jaylen Brown,SF,20.0,BOS,78.0,,1341.0,,,146.0,288.0,85.0,124.0,142.0,515.0
2017.0,Nicolas Brussino,SF,23.0,DAL,54.0,,521.0,,,23.0,46.0,17.0,22.0,43.0,150.0
2017.0,Reggie Bullock,SF,25.0,DET,31.0,,467.0,,,26.0,55.0,5.0,7.0,22.0,141.0
2017.0,Trey Burke,PG,24.0,WAS,57.0,0,703.0,,,85.0,185.0,22.0,29.0,54.0,285.0
2017.0,Alec Burks,SG,25.0,UTA,42.0,0,653.0,,,74.0,172.0,60.0,78.0,50.0,283.0
2017.0,Jimmy Butler,SF,27.0,CHI,76.0,,2809.0,,,479.0,1004.0,585.0,676.0,112.0,1816.0
2017.0,Bruno Caboclo,SF,21.0,TOR,9.0,0,40.0,,,4.0,10.0,0.0,0.0,4.0,14.0
2017.0,Jose Calderon,PG,35.0,TOT,41.0,,539.0,,,35.0,70.0,11.0,12.0,36.0,141.0
2017.0,Jose Calderon,PG,35.0,LAL,24.0,,292.0,,,20.0,43.0,4.0,4.0,22.0,80.0
2017.0,Jose Calderon,PG,35.0,ATL,17.0,,247.0,,,15.0,27.0,7.0,8.0,14.0,61.0
2017.0,Kentavious Caldwell-Pope,SG,23.0,DET,76.0,,2529.0,,,217.0,491.0,154.0,185.0,118.0,1047.0
2017.0,Isaiah Canaan,SG,25.0,CHI,39.0,0,592.0,,,38.0,79.0,30.0,33.0,35.0,181.0
2017.0,Clint Capela,C,22.0,HOU,65.0,,1551.0,0,0,362.0,563.0,94.0,177.0,179.0,818.0
2017.0,DeMarre Carroll,SF,30.0,TOR,72.0,,1882.0,,,111.0,229.0,89.0,117.0,143.0,638.0
2017.0,Vince Carter,SF,40.0,MEM,73.0,,1799.0,,,81.0,194.0,88.0,115.0,163.0,586.0
2017.0,Michael Carter-Williams,PG,25.0,CHI,45.0,,846.0,,,97.0,242.0,58.0,77.0,102.0,297.0
2017.0,Omri Casspi,SF,28.0,TOT,36.0,,643.0,,,62.0,122.0,17.0,29.0,50.0,186.0
2017.0,Omri Casspi,SF,28.0,SAC,22.0,,397.0,,,42.0,88.0,12.0,21.0,23.0,129.0
2017.0,Omri Casspi,SF,28.0,NOP,1.0,0,24.0,,,3.0,5.0,0.0,0.0,3.0,12.0
2017.0,Omri Casspi,SF,28.0,MIN,13.0,0,222.0,,,17.0,29.0,5.0,8.0,24.0,45.0
2017.0,Willie Cauley-Stein,C,23.0,SAC,75.0,,1421.0,0,,255.0,479.0,101.0,151.0,147.0,611.0
2017.0,Tyson Chandler,C,34.0,PHO,47.0,,1298.0,0,0,153.0,228.0,91.0,124.0,126.0,397.0
2017.0,Wilson Chandler,SF,29.0,DEN,71.0,,2197.0,,,323.0,613.0,141.0,194.0,172.0,1117.0
2017.0,Marquese Chriss,PF,19.0,PHO,82.0,,1743.0,,,212.0,408.0,113.0,181.0,263.0,753.0
2017.0,Rakeem Christmas,PF,25.0,IND,29.0,0,219.0,0,0,19.0,43.0,21.0,29.0,37.0,59.0
2017.0,Semaj Christon,PG,24.0,OKC,64.0,1,973.0,,,65.0,160.0,17.0,31.0,79.0,183.0
2017.0,Ian Clark,SG,25.0,GSW,77.0,0,1137.0,,,150.0,270.0,44.0,58.0,77.0,527.0
2017.0,Jordan Clarkson,SG,24.0,LAL,82.0,,2397.0,,,360.0,715.0,134.0,168.0,150.0,1205.0
2017.0,Norris Cole,PG,28.0,OKC,13.0,0,125.0,,,13.0,39.0,8.0,10.0,18.0,43.0
2017.0,Darren Collison,PG,29.0,SAC,68.0,,2063.0,,,267.0,539.0,147.0,171.0,119.0,900.0
2017.0,Nick Collison,PF,36.0,OKC,20.0,0,128.0,0,1,14.0,22.0,5.0,8.0,17.0,33.0
2017.0,Mike Conley,PG,29.0,MEM,69.0,,2292.0,,,293.0,590.0,316.0,368.0,126.0,1415.0
2017.0,Pat Connaughton,SG,24.0,POR,39.0,1,316.0,,,20.0,39.0,7.0,9.0,23.0,98.0
2017.0,Quinn Cook,PG,23.0,TOT,14.0,0,188.0,,,22.0,40.0,2.0,5.0,13.0,79.0
2017.0,Quinn Cook,PG,23.0,DAL,5.0,0,77.0,,,6.0,11.0,0.0,2.0,6.0,27.0
2017.0,Quinn Cook,PG,23.0,NOP,9.0,0,111.0,,,16.0,29.0,2.0,3.0,7.0,52.0
2017.0,DeMarcus Cousins,C,26.0,TOT,72.0,,2465.0,,,516.0,1069.0,517.0,670.0,278.0,1942.0
2017.0,DeMarcus Cousins,C,26.0,SAC,55.0,,1891.0,,,410.0,851.0,423.0,549.0,203.0,1528.0
2017.0,DeMarcus Cousins,C,26.0,NOP,17.0,,574.0,,,106.0,218.0,94.0,121.0,75.0,414.0
2017.0,Robert Covington,SF,26.0,PHI,67.0,,2119.0,,,155.0,320.0,143.0,174.0,203.0,864.0
2017.0,Allen Crabbe,SG,24.0,POR,79.0,,2254.0,,,169.0,345.0,105.0,124.0,171.0,845.0
2017.0,Jamal Crawford,SG,36.0,LAC,82.0,1,2157.0,,,243.0,547.0,174.0,203.0,115.0,1008.0
2017.0,Jordan Crawford,SG,28.0,NOP,19.0,0,442.0,,,68.0,123.0,20.0,26.0,30.0,267.0
2017.0,Jae Crowder,SF,26.0,BOS,72.0,,2335.0,,,176.0,326.0,176.0,217.0,161.0,999.0
2017.0,Dante Cunningham,SF,29.0,NOP,66.0,,1649.0,,,103.0,178.0,16.0,27.0,100.0,435.0
2017.0,Seth Curry,PG,26.0,DAL,70.0,,2029.0,,,201.0,381.0,85.0,100.0,126.0,898.0
2017.0,Stephen Curry,PG,28.0,GSW,79.0,,2638.0,,,351.0,654.0,325.0,362.0,183.0,1999.0
2017.0,Troy Daniels,SG,25.0,MEM,67.0,,1183.0,,,47.0,140.0,43.0,54.0,90.0,551.0
2017.0,Anthony Davis,C,23.0,NOP,75.0,,2708.0,,,730.0,1393.0,519.0,647.0,168.0,2099.0
2017.0,Deyonta Davis,C,20.0,MEM,36.0,0,238.0,0,0,24.0,47.0,10.0,18.0,40.0,58.0
2017.0,Ed Davis,PF,27.0,POR,46.0,,789.0,0,0,75.0,142.0,50.0,81.0,137.0,200.0
2017.0,Dewayne Dedmon,C,27.0,SAS,76.0,,1330.0,0,0,161.0,259.0,65.0,93.0,180.0,387.0
2017.0,Sam Dekker,SF,22.0,HOU,77.0,,1419.0,,,143.0,242.0,38.0,68.0,83.0,504.0
2017.0,Malcolm Delaney,PG,27.0,ATL,73.0,,1248.0,,,119.0,278.0,75.0,93.0,112.0,391.0
2017.0,Matthew Dellavedova,PG,26.0,MIL,76.0,,1986.0,,,129.0,319.0,82.0,96.0,153.0,577.0
2017.0,Luol Deng,SF,31.0,LAL,56.0,,1486.0,,,113.0,259.0,46.0,63.0,61.0,425.0
2017.0,DeMar DeRozan,SG,27.0,TOR,74.0,,2620.0,,,688.0,1421.0,545.0,647.0,134.0,2020.0
2017.0,Cheick Diallo,PF,20.0,NOP,17.0,0,199.0,0,0,36.0,76.0,15.0,21.0,17.0,87.0
2017.0,Boris Diaw,PF,34.0,UTA,73.0,,1283.0,,,126.0,246.0,26.0,35.0,83.0,338.0
2017.0,Gorgui Dieng,PF,27.0,MIN,82.0,,2653.0,,,316.0,618.0,136.0,167.0,254.0,816.0
2017.0,Spencer Dinwiddie,PG,23.0,BRK,59.0,,1334.0,,,96.0,201.0,126.0,159.0,119.0,432.0
2017.0,Toney Douglas,PG,30.0,MEM,24.0,0,394.0,,,36.0,75.0,24.0,29.0,50.0,117.0
2017.0,Goran Dragic,PG,30.0,MIA,73.0,,2459.0,,,417.0,835.0,298.0,377.0,199.0,1483.0
2017.0,Andre Drummond,C,23.0,DET,81.0,,2409.0,,,481.0,904.0,137.0,355.0,237.0,1105.0
2017.0,Jared Dudley,PF,31.0,PHO,64.0,,1362.0,,,80.0,143.0,43.0,65.0,154.0,434.0
2017.0,Mike Dunleavy,SF,36.0,TOT,53.0,,841.0,,,40.0,86.0,36.0,45.0,67.0,275.0
2017.0,Mike Dunleavy,SF,36.0,CLE,23.0,,366.0,,,16.0,33.0,14.0,19.0,32.0,106.0
2017.0,Mike Dunleavy,SF,36.0,ATL,30.0,0,475.0,,,24.0,53.0,22.0,26.0,35.0,169.0
2017.0,Kris Dunn,PG,22.0,MIN,78.0,,1333.0,,,97.0,240.0,36.0,59.0,178.0,293.0
2017.0,Kevin Durant,SF,28.0,GSW,62.0,,2070.0,,,434.0,714.0,336.0,384.0,117.0,1555.0
2017.0,Jarell Eddie,SF,25.0,PHO,5.0,0,62.0,,,2.0,3.0,8.0,9.0,1.0,24.0
2017.0,Henry Ellenson,PF,20.0,DET,19.0,,146.0,,,13.0,29.0,4.0,8.0,6.0,60.0
2017.0,Wayne Ellington,SG,29.0,MIA,62.0,,1500.0,,,82.0,161.0,37.0,43.0,70.0,648.0
2017.0,Monta Ellis,SG,31.0,IND,74.0,,1998.0,,,204.0,422.0,93.0,128.0,149.0,630.0
2017.0,Joel Embiid,C,22.0,PHI,31.0,,786.0,,,164.0,331.0,191.0,244.0,112.0,627.0
2017.0,James Ennis,SF,26.0,MEM,64.0,,1501.0,,,95.0,184.0,86.0,110.0,165.0,429.0
2017.0,Tyler Ennis,PG,22.0,TOT,53.0,,588.0,,,63.0,138.0,21.0,25.0,58.0,228.0
2017.0,Tyler Ennis,PG,22.0,HOU,31.0,0,196.0,,,19.0,48.0,2.0,3.0,29.0,58.0
2017.0,Tyler Ennis,PG,22.0,LAL,22.0,,392.0,,,44.0,90.0,19.0,22.0,29.0,170.0
2017.0,Tyreke Evans,SF,27.0,TOT,40.0,,788.0,,,108.0,252.0,69.0,92.0,60.0,411.0
2017.0,Tyreke Evans,SF,27.0,NOP,26.0,0,474.0,,,70.0,157.0,45.0,58.0,41.0,248.0
2017.0,Tyreke Evans,SF,27.0,SAC,14.0,,314.0,,,38.0,95.0,24.0,34.0,19.0,163.0
2017.0,Dante Exum,PG,21.0,UTA,66.0,,1228.0,,,111.0,214.0,58.0,73.0,146.0,412.0
2017.0,Kenneth Faried,PF,27.0,DEN,61.0,,1296.0,0,,228.0,410.0,131.0,189.0,124.0,587.0
2017.0,Jordan Farmar,PG,30.0,SAC,2.0,0,35.0,,,0.0,3.0,0.0,0.0,1.0,12.0
2017.0,Derrick Favors,PF,25.0,UTA,50.0,,1186.0,,,200.0,407.0,67.0,109.0,103.0,476.0
2017.0,Kay Felder,PG,21.0,CLE,42.0,0,386.0,,,55.0,136.0,35.0,49.0,38.0,166.0
2017.0,Cristiano Felicio,C,24.0,CHI,66.0,0,1040.0,0,0,128.0,222.0,60.0,93.0,110.0,316.0
2017.0,Raymond Felton,PG,32.0,LAC,80.0,,1700.0,,,175.0,370.0,50.0,64.0,125.0,538.0
2017.0,Yogi Ferrell,PG,23.0,TOT,46.0,,1197.0,,,92.0,218.0,74.0,89.0,90.0,462.0
2017.0,Yogi Ferrell,PG,23.0,BRK,10.0,0,151.0,,,10.0,22.0,10.0,16.0,11.0,54.0
2017.0,Yogi Ferrell,PG,23.0,DAL,36.0,,1046.0,,,82.0,196.0,64.0,73.0,79.0,408.0
2017.0,Dorian Finney-Smith,PF,23.0,DAL,81.0,,1642.0,,,68.0,142.0,46.0,61.0,125.0,350.0
2017.0,Bryn Forbes,SG,23.0,SAS,36.0,0,285.0,,,19.0,46.0,5.0,6.0,20.0,94.0
2017.0,Evan Fournier,SG,24.0,ORL,68.0,,2234.0,,,280.0,570.0,223.0,277.0,180.0,1167.0
2017.0,Randy Foye,SG,33.0,BRK,69.0,,1284.0,,,51.0,122.0,54.0,63.0,99.0,357.0
2017.0,Tim Frazier,PG,26.0,NOP,65.0,,1525.0,,,123.0,276.0,98.0,129.0,133.0,464.0
2017.0,Channing Frye,C,33.0,CLE,74.0,,1398.0,,,101.0,185.0,63.0,74.0,138.0,676.0
2017.0,Danilo Gallinari,SF,28.0,DEN,63.0,,2134.0,,,209.0,426.0,349.0,387.0,93.0,1145.0
2017.0,Langston Galloway,PG,25.0,TOT,74.0,,1495.0,,,87.0,237.0,51.0,64.0,96.0,585.0
2017.0,Langston Galloway,PG,25.0,NOP,55.0,0,1120.0,,,64.0,173.0,40.0,52.0,76.0,471.0
2017.0,Langston Galloway,PG,25.0,SAC,19.0,,375.0,,,23.0,64.0,11.0,12.0,20.0,114.0
2017.0,Patricio Garino,SG,23.0,ORL,5.0,0,43.0,0,,0.0,2.0,0.0,0.0,4.0,0.0
2017.0,Marc Gasol,C,32.0,MEM,74.0,,2531.0,,,428.0,892.0,278.0,332.0,171.0,1446.0
2017.0,Pau Gasol,C,36.0,SAS,64.0,,1627.0,,,247.0,500.0,130.0,184.0,110.0,792.0
2017.0,Rudy Gay,SF,30.0,SAC,30.0,,1013.0,,,159.0,329.0,118.0,138.0,79.0,562.0
2017.0,Michael Gbinije,SG,24.0,DET,9.0,0,32.0,0,,1.0,6.0,2.0,2.0,2.0,4.0
2017.0,Alonzo Gee,SF,29.0,DEN,13.0,0,89.0,0,,3.0,11.0,5.0,9.0,14.0,11.0
2017.0,Paul George,SF,26.0,IND,75.0,,2689.0,,,427.0,853.0,336.0,374.0,206.0,1775.0
2017.0,Marcus Georges-Hunt,SG,22.0,ORL,5.0,0,48.0,1,,1.0,5.0,9.0,10.0,5.0,14.0
2017.0,Jonathan Gibson,PG,29.0,DAL,17.0,0,231.0,,,20.0,50.0,21.0,29.0,21.0,106.0
2017.0,Taj Gibson,PF,31.0,TOT,78.0,,1989.0,,,362.0,696.0,113.0,158.0,163.0,846.0
2017.0,Taj Gibson,PF,31.0,CHI,55.0,,1502.0,,,274.0,518.0,85.0,119.0,123.0,639.0
2017.0,Taj Gibson,PF,31.0,OKC,23.0,,487.0,1,1,88.0,178.0,28.0,39.0,40.0,207.0
2017.0,Manu Ginobili,SG,39.0,SAS,69.0,0,1291.0,,,82.0,212.0,86.0,107.0,119.0,517.0
2017.0,Rudy Gobert,C,24.0,UTA,81.0,,2744.0,0,1,413.0,623.0,311.0,476.0,246.0,1137.0
2017.0,Archie Goodwin,SG,22.0,TOT,15.0,0,214.0,,,31.0,51.0,33.0,42.0,8.0,110.0
2017.0,Archie Goodwin,SG,22.0,NOP,3.0,0,30.0,1,,1.0,3.0,10.0,10.0,1.0,15.0
2017.0,Archie Goodwin,SG,22.0,BRK,12.0,0,184.0,,,30.0,48.0,23.0,32.0,7.0,95.0
2017.0,Aaron Gordon,SF,21.0,ORL,80.0,,2298.0,,,316.0,598.0,156.0,217.0,172.0,1019.0
2017.0,Eric Gordon,SG,28.0,HOU,75.0,,2323.0,,,166.0,355.0,147.0,175.0,150.0,1217.0
2017.0,Marcin Gortat,C,32.0,WAS,82.0,,2556.0,0,,390.0,672.0,103.0,159.0,213.0,883.0
2017.0,Treveon Graham,SG,23.0,CHO,27.0,1,189.0,,,10.0,25.0,10.0,15.0,18.0,57.0
2017.0,Jerami Grant,SF,22.0,TOT,80.0,,1531.0,,,109.0,212.0,90.0,147.0,149.0,437.0
2017.0,Jerami Grant,SF,22.0,PHI,2.0,0,41.0,0,,6.0,15.0,4.0,8.0,5.0,16.0
2017.0,Jerami Grant,SF,22.0,OKC,78.0,,1490.0,,,103.0,197.0,86.0,139.0,144.0,421.0
2017.0,Jerian Grant,PG,24.0,CHI,63.0,,1028.0,,,79.0,167.0,65.0,73.0,93.0,370.0
2017.0,Danny Green,SG,29.0,SAS,68.0,,1807.0,,,58.0,138.0,27.0,32.0,120.0,497.0
2017.0,Draymond Green,PF,26.0,GSW,76.0,,2471.0,,,191.0,387.0,151.0,213.0,217.0,776.0
2017.0,Gerald Green,SF,31.0,BOS,47.0,0,538.0,,,56.0,121.0,33.0,41.0,48.0,262.0
2017.0,JaMychal Green,PF,26.0,MEM,77.0,,2101.0,,,195.0,355.0,134.0,167.0,248.0,689.0
2017.0,Jeff Green,PF,30.0,ORL,69.0,,1534.0,,,167.0,365.0,145.0,168.0,103.0,638.0
2017.0,Blake Griffin,PF,27.0,LAC,61.0,,2076.0,,,441.0,858.0,320.0,421.0,157.0,1316.0
2017.0,Justin Hamilton,C,26.0,BRK,64.0,,1177.0,,,119.0,198.0,39.0,52.0,91.0,442.0
2017.0,A.J. Hammons,C,24.0,DAL,22.0,0,163.0,,,12.0,32.0,9.0,20.0,21.0,48.0
2017.0,Tim Hardaway,SG,24.0,ATL,79.0,,2154.0,,,266.0,495.0,164.0,214.0,103.0,1143.0
2017.0,James Harden,PG,27.0,HOU,81.0,,2947.0,,,412.0,777.0,746.0,881.0,215.0,2356.0
2017.0,Maurice Harkless,SF,23.0,POR,77.0,,2223.0,,,246.0,430.0,77.0,124.0,214.0,773.0
2017.0,Justin Harper,PF,27.0,PHI,3.0,0,31.0,,,3.0,5.0,0.0,0.0,2.0,12.0
2017.0,Montrezl Harrell,C,23.0,HOU,58.0,,1064.0,1,,224.0,338.0,76.0,121.0,126.0,527.0
2017.0,Devin Harris,PG,33.0,DAL,65.0,0,1087.0,,,78.0,164.0,107.0,129.0,101.0,437.0
2017.0,Gary Harris,SG,22.0,DEN,57.0,,1782.0,,,213.0,382.0,104.0,134.0,92.0,851.0
2017.0,Joe Harris,SG,25.0,BRK,52.0,,1138.0,,,69.0,141.0,35.0,49.0,121.0,428.0
2017.0,Manny Harris,SG,27.0,DAL,4.0,0,25.0,0,,3.0,13.0,2.0,4.0,1.0,8.0
2017.0,Tobias Harris,PF,24.0,DET,82.0,,2567.0,,,402.0,749.0,190.0,226.0,133.0,1321.0
2017.0,Aaron Harrison,SG,22.0,CHO,5.0,0,17.0,0,,0.0,2.0,1.0,2.0,2.0,1.0
2017.0,Andrew Harrison,PG,22.0,MEM,72.0,,1474.0,,,74.0,204.0,148.0,194.0,194.0,425.0
2017.0,Udonis Haslem,C,36.0,MIA,17.0,0,130.0,0,,11.0,20.0,9.0,15.0,22.0,31.0
2017.0,Spencer Hawes,PF,28.0,TOT,54.0,1,797.0,,,109.0,196.0,44.0,52.0,77.0,337.0
2017.0,Spencer Hawes,PF,28.0,CHO,35.0,1,626.0,,,88.0,163.0,30.0,34.0,61.0,254.0
2017.0,Spencer Hawes,PF,28.0,MIL,19.0,0,171.0,,,21.0,33.0,14.0,18.0,16.0,83.0
2017.0,Gordon Hayward,SF,26.0,UTA,73.0,,2516.0,,,396.0,782.0,362.0,429.0,117.0,1601.0
2017.0,Gerald Henderson,SG,29.0,PHI,72.0,,1667.0,,,173.0,380.0,133.0,165.0,129.0,662.0
2017.0,John Henson,C,26.0,MIL,58.0,,1123.0,0,1,159.0,308.0,74.0,107.0,151.0,392.0
2017.0,Juan Hernangomez,PF,21.0,DEN,62.0,,842.0,,,55.0,111.0,57.0,76.0,62.0,305.0
2017.0,Willy Hernangomez,C,22.0,NYK,72.0,,1324.0,,,242.0,450.0,91.0,125.0,150.0,587.0
2017.0,Mario Hezonja,SF,21.0,ORL,65.0,,960.0,,,74.0,186.0,40.0,50.0,74.0,317.0
2017.0,Roy Hibbert,C,30.0,TOT,48.0,,682.0,0,0,80.0,147.0,61.0,75.0,100.0,221.0
2017.0,Roy Hibbert,C,30.0,CHO,42.0,,671.0,0,0,78.0,144.0,61.0,75.0,97.0,217.0
2017.0,Roy Hibbert,C,30.0,DEN,6.0,0,11.0,0,0,2.0,3.0,0.0,0.0,3.0,4.0
2017.0,Buddy Hield,SG,23.0,TOT,82.0,,1888.0,,,179.0,389.0,64.0,76.0,115.0,866.0
2017.0,Buddy Hield,SG,23.0,NOP,57.0,,1161.0,,,96.0,231.0,29.0,33.0,81.0,488.0
2017.0,Buddy Hield,SG,23.0,SAC,25.0,,727.0,,,83.0,158.0,35.0,43.0,34.0,378.0
2017.0,Nene Hilario,C,34.0,HOU,67.0,,1198.0,,,242.0,388.0,116.0,197.0,163.0,609.0
2017.0,George Hill,PG,30.0,UTA,49.0,,1544.0,,,195.0,373.0,157.0,196.0,114.0,829.0
2017.0,Jordan Hill,C,29.0,MIN,7.0,0,47.0,0,0,5.0,13.0,2.0,2.0,9.0,12.0
2017.0,Solomon Hill,SF,25.0,NOP,80.0,,2374.0,,,89.0,207.0,103.0,128.0,182.0,563.0
2017.0,Darrun Hilliard,SG,23.0,DET,39.0,1,381.0,,,35.0,80.0,21.0,28.0,39.0,127.0
2017.0,Jrue Holiday,PG,26.0,NOP,67.0,,2190.0,,,305.0,613.0,119.0,168.0,133.0,1029.0
2017.0,Justin Holiday,SG,27.0,NYK,82.0,,1639.0,,,136.0,265.0,66.0,80.0,109.0,629.0
2017.0,Rondae Hollis-Jefferson,SF,22.0,BRK,78.0,,1761.0,,,220.0,475.0,190.0,253.0,177.0,675.0
2017.0,Richaun Holmes,C,23.0,PHI,57.0,,1193.0,,,203.0,335.0,72.0,103.0,136.0,559.0
2017.0,Rodney Hood,SG,24.0,UTA,59.0,,1593.0,,,158.0,359.0,90.0,115.0,132.0,748.0
2017.0,Al Horford,C,30.0,BOS,68.0,,2193.0,,,293.0,559.0,108.0,135.0,138.0,952.0
2017.0,Danuel House,SG,23.0,WAS,1.0,0,1.0,0,0,0.0,0.0,0.0,0.0,0.0,0.0
2017.0,Dwight Howard,C,31.0,ATL,74.0,,2199.0,0,,388.0,611.0,226.0,424.0,203.0,1002.0
2017.0,Marcelo Huertas,PG,33.0,LAL,23.0,1,237.0,,,21.0,49.0,9.0,17.0,16.0,63.0
2017.0,Josh Huestis,PF,25.0,OKC,2.0,0,31.0,,,4.0,7.0,0.0,1.0,0.0,14.0
2017.0,Kris Humphries,PF,31.0,ATL,56.0,,689.0,,,68.0,160.0,64.0,82.0,69.0,257.0
2017.0,R.J. Hunter,SG,23.0,CHI,3.0,0,9.0,0,1,0.0,0.0,0.0,0.0,0.0,0.0
2017.0,Serge Ibaka,PF,27.0,TOT,79.0,,2422.0,,,347.0,665.0,107.0,125.0,215.0,1173.0
2017.0,Serge Ibaka,PF,27.0,ORL,56.0,,1710.0,,,260.0,489.0,77.0,91.0,139.0,846.0
2017.0,Serge Ibaka,PF,27.0,TOR,23.0,,712.0,,,87.0,176.0,30.0,34.0,76.0,327.0
2017.0,Andre Iguodala,SF,33.0,GSW,76.0,0,1998.0,,,155.0,238.0,72.0,102.0,97.0,574.0
2017.0,Ersan Ilyasova,PF,29.0,TOT,82.0,,2142.0,,,242.0,488.0,161.0,207.0,211.0,1071.0
2017.0,Ersan Ilyasova,PF,29.0,OKC,3.0,0,62.0,,,3.0,4.0,0.0,0.0,5.0,15.0
2017.0,Ersan Ilyasova,PF,29.0,PHI,53.0,,1447.0,,,178.0,350.0,109.0,142.0,133.0,786.0
2017.0,Ersan Ilyasova,PF,29.0,ATL,26.0,,633.0,,,61.0,134.0,52.0,65.0,73.0,270.0
2017.0,Joe Ingles,SF,29.0,UTA,82.0,,1972.0,,,81.0,172.0,50.0,68.0,163.0,581.0
2017.0,Brandon Ingram,SF,19.0,LAL,79.0,,2279.0,,,221.0,499.0,133.0,214.0,158.0,740.0
2017.0,Kyrie Irving,PG,24.0,CLE,72.0,,2525.0,,,494.0,979.0,297.0,328.0,157.0,1816.0
2017.0,Jarrett Jack,PG,33.0,NOP,2.0,0,33.0,0,1,2.0,2.0,2.0,2.0,4.0,6.0
2017.0,Demetrius Jackson,PG,22.0,BOS,5.0,0,17.0,1,1,2.0,3.0,3.0,6.0,0.0,10.0
2017.0,Pierre Jackson,PG,25.0,DAL,8.0,1,84.0,,,10.0,28.0,6.0,7.0,5.0,35.0
2017.0,Reggie Jackson,PG,26.0,DET,52.0,,1424.0,,,218.0,493.0,118.0,136.0,129.0,752.0
2017.0,LeBron James,SF,32.0,CLE,74.0,,2794.0,,,612.0,1002.0,358.0,531.0,134.0,1954.0
2017.0,Al Jefferson,C,32.0,IND,66.0,1,931.0,0,1,235.0,470.0,65.0,85.0,125.0,535.0
2017.0,Richard Jefferson,SF,36.0,CLE,79.0,,1614.0,,,91.0,157.0,80.0,108.0,153.0,448.0
2017.0,John Jenkins,SG,25.0,PHO,4.0,0,13.0,1,,1.0,3.0,2.0,2.0,0.0,7.0
2017.0,Brandon Jennings,PG,27.0,TOT,81.0,,1802.0,,,113.0,283.0,114.0,152.0,116.0,577.0
2017.0,Brandon Jennings,PG,27.0,NYK,58.0,,1428.0,,,95.0,229.0,102.0,135.0,84.0,496.0
2017.0,Brandon Jennings,PG,27.0,WAS,23.0,,374.0,,,18.0,54.0,12.0,17.0,32.0,81.0
2017.0,Jonas Jerebko,PF,29.0,BOS,78.0,,1232.0,,,69.0,132.0,26.0,37.0,122.0,299.0
2017.0,Amir Johnson,PF,29.0,BOS,80.0,,1608.0,,,186.0,304.0,67.0,100.0,211.0,520.0
2017.0,Brice Johnson,PF,22.0,LAC,3.0,0,9.0,0,0,2.0,7.0,0.0,0.0,0.0,4.0
2017.0,James Johnson,PF,29.0,MIA,76.0,,2085.0,,,281.0,513.0,152.0,215.0,197.0,975.0
2017.0,Joe Johnson,SF,35.0,UTA,78.0,,1843.0,,,167.0,368.0,63.0,77.0,93.0,715.0
2017.0,Stanley Johnson,SF,20.0,DET,77.0,1,1371.0,,,84.0,211.0,36.0,53.0,121.0,339.0
2017.0,Tyler Johnson,PG,24.0,MIA,73.0,0,2178.0,,,264.0,574.0,195.0,254.0,176.0,1002.0
2017.0,Wesley Johnson,SF,29.0,LAC,68.0,,810.0,,,44.0,82.0,11.0,17.0,83.0,186.0
2017.0,Nikola Jokic,C,21.0,DEN,73.0,,2038.0,,,449.0,715.0,188.0,228.0,214.0,1221.0
2017.0,Dahntay Jones,SF,36.0,CLE,1.0,0,12.0,0,,3.0,6.0,3.0,4.0,1.0,9.0
2017.0,Damian Jones,C,21.0,GSW,10.0,0,85.0,0,0,8.0,16.0,3.0,10.0,15.0,19.0
2017.0,Derrick Jones,SF,19.0,PHO,32.0,,545.0,,,65.0,110.0,29.0,41.0,63.0,168.0
2017.0,James Jones,SF,36.0,CLE,48.0,,381.0,,,13.0,26.0,13.0,20.0,37.0,132.0
2017.0,Terrence Jones,PF,25.0,TOT,54.0,,1270.0,,,212.0,416.0,103.0,170.0,67.0,584.0
2017.0,Terrence Jones,PF,25.0,NOP,51.0,,1264.0,,,212.0,413.0,103.0,170.0,67.0,584.0
2017.0,Terrence Jones,PF,25.0,MIL,3.0,0,6.0,0,0,0.0,3.0,0.0,0.0,0.0,0.0
2017.0,Tyus Jones,PG,20.0,MIN,60.0,0,774.0,,,49.0,108.0,33.0,43.0,50.0,209.0
2017.0,DeAndre Jordan,C,28.0,LAC,81.0,,2570.0,0,,412.0,575.0,205.0,425.0,212.0,1029.0
2017.0,Cory Joseph,SG,25.0,TOR,80.0,,2003.0,,,251.0,526.0,94.0,122.0,140.0,740.0
2017.0,Frank Kaminsky,C,23.0,CHO,75.0,,1954.0,,,204.0,448.0,118.0,156.0,139.0,874.0
2017.0,Enes Kanter,C,24.0,OKC,72.0,0,1533.0,,,397.0,699.0,224.0,285.0,154.0,1033.0
2017.0,Ryan Kelly,PF,25.0,ATL,16.0,0,110.0,,,4.0,18.0,5.0,6.0,5.0,25.0
2017.0,Michael Kidd-Gilchrist,SF,23.0,CHO,81.0,,2349.0,1,,294.0,609.0,152.0,194.0,187.0,743.0
2017.0,Sean Kilpatrick,SG,27.0,BRK,70.0,,1754.0,,,200.0,427.0,204.0,242.0,118.0,919.0
2017.0,Brandon Knight,SG,25.0,PHO,54.0,,1140.0,,,164.0,386.0,132.0,154.0,87.0,595.0
2017.0,Kyle Korver,SG,35.0,TOT,67.0,,1753.0,,,77.0,156.0,38.0,42.0,107.0,678.0
2017.0,Kyle Korver,SG,35.0,ATL,32.0,,894.0,,,43.0,87.0,24.0,27.0,47.0,305.0
2017.0,Kyle Korver,SG,35.0,CLE,35.0,1,859.0,,,34.0,69.0,14.0,15.0,60.0,373.0
2017.0,Kosta Koufos,C,27.0,SAC,71.0,,1419.0,0,1,216.0,391.0,38.0,62.0,172.0,470.0
2017.0,Mindaugas Kuzminskas,SF,27.0,NYK,68.0,,1016.0,,,104.0,201.0,55.0,68.0,79.0,425.0
2017.0,Skal Labissiere,PF,20.0,SAC,33.0,,612.0,,,114.0,210.0,52.0,74.0,64.0,289.0
2017.0,Jeremy Lamb,SG,24.0,CHO,62.0,,1143.0,,,185.0,345.0,110.0,129.0,98.0,603.0
2017.0,Nicolas Laprovittola,PG,27.0,SAS,18.0,,174.0,,,10.0,20.0,9.0,9.0,19.0,59.0
2017.0,Joffrey Lauvergne,PF-C,25.0,TOT,70.0,1,980.0,,,115.0,238.0,46.0,73.0,83.0,375.0
2017.0,Joffrey Lauvergne,PF,25.0,OKC,50.0,0,739.0,,,84.0,166.0,37.0,58.0,71.0,286.0
2017.0,Joffrey Lauvergne,C,25.0,CHI,20.0,1,241.0,,,31.0,72.0,9.0,15.0,12.0,89.0
2017.0,Zach LaVine,SG,21.0,MIN,47.0,,1749.0,,,206.0,400.0,117.0,140.0,104.0,889.0
2017.0,Ty Lawson,PG,29.0,SAC,69.0,,1732.0,,,203.0,404.0,173.0,217.0,119.0,681.0
2017.0,Jake Layman,SF,22.0,POR,35.0,1,249.0,,,13.0,38.0,13.0,17.0,22.0,78.0
2017.0,Courtney Lee,SG,31.0,NYK,77.0,,2459.0,,,213.0,435.0,85.0,98.0,141.0,835.0
2017.0,David Lee,PF,33.0,SAS,79.0,,1477.0,0,0,248.0,420.0,80.0,113.0,125.0,576.0
2017.0,Alex Len,C,23.0,PHO,77.0,,1560.0,,,227.0,451.0,150.0,208.0,242.0,613.0
2017.0,Kawhi Leonard,SF,25.0,SAS,74.0,,2474.0,,,489.0,925.0,469.0,533.0,122.0,1888.0
2017.0,Meyers Leonard,PF,24.0,POR,74.0,,1222.0,,,72.0,165.0,35.0,40.0,172.0,401.0
2017.0,Jon Leuer,PF,27.0,DET,75.0,,1944.0,,,261.0,479.0,98.0,113.0,145.0,767.0
2017.0,Caris LeVert,SF,22.0,BRK,57.0,,1237.0,,,112.0,196.0,67.0,93.0,91.0,468.0
2017.0,DeAndre Liggins,SG,28.0,TOT,62.0,,777.0,,,38.0,96.0,25.0,40.0,81.0,152.0
2017.0,DeAndre Liggins,SG,28.0,CLE,61.0,,752.0,,,35.0,91.0,23.0,37.0,78.0,144.0
2017.0,DeAndre Liggins,SG,28.0,DAL,1.0,0,25.0,0,1,3.0,5.0,2.0,3.0,3.0,8.0
2017.0,Damian Lillard,PG,26.0,POR,75.0,,2694.0,,,447.0,910.0,488.0,545.0,152.0,2024.0
2017.0,Jeremy Lin,PG,28.0,BRK,36.0,,883.0,,,117.0,244.0,115.0,141.0,79.0,523.0
2017.0,Shaun Livingston,PG,31.0,GSW,76.0,,1345.0,1,,172.0,313.0,42.0,60.0,120.0,389.0
2017.0,Shawn Long,C,24.0,PHI,18.0,0,234.0,,,54.0,90.0,19.0,35.0,49.0,148.0
2017.0,Kevon Looney,C,20.0,GSW,53.0,,447.0,,,54.0,98.0,21.0,34.0,64.0,135.0
2017.0,Brook Lopez,C,28.0,BRK,75.0,,2222.0,,,421.0,785.0,295.0,364.0,192.0,1539.0
2017.0,Robin Lopez,C,28.0,CHI,81.0,,2271.0,0,,382.0,773.0,75.0,104.0,151.0,839.0
2017.0,Kevin Love,PF,28.0,CLE,60.0,,1885.0,,,225.0,478.0,257.0,295.0,125.0,1142.0
2017.0,Kyle Lowry,PG,30.0,TOR,60.0,,2244.0,,,233.0,450.0,299.0,365.0,170.0,1344.0
2017.0,John Lucas,PG,34.0,MIN,5.0,0,11.0,0,1,1.0,3.0,0.0,0.0,0.0,2.0
2017.0,Timothe Luwawu-Cabarrot,SF,21.0,PHI,69.0,,1190.0,,,95.0,200.0,105.0,123.0,154.0,445.0
2017.0,Trey Lyles,PF,21.0,UTA,71.0,,1158.0,,,94.0,235.0,57.0,79.0,97.0,440.0
2017.0,Shelvin Mack,PG,26.0,UTA,55.0,,1205.0,,,133.0,261.0,53.0,77.0,100.0,430.0
2017.0,Ian Mahinmi,C,30.0,WAS,31.0,0,555.0,0,0,65.0,111.0,43.0,75.0,90.0,173.0
2017.0,Thon Maker,C,19.0,MIL,57.0,,562.0,,,55.0,107.0,32.0,49.0,84.0,226.0
2017.0,Boban Marjanovic,C,28.0,DET,35.0,0,293.0,0,0,72.0,132.0,47.0,58.0,25.0,191.0
2017.0,Jarell Martin,PF,22.0,MEM,42.0,,558.0,,,49.0,126.0,40.0,50.0,91.0,165.0
2017.0,Wesley Matthews,SG,30.0,DAL,73.0,,2495.0,,,159.0,368.0,146.0,179.0,161.0,986.0
2017.0,Luc Mbah,SF,30.0,LAC,80.0,,1787.0,,,148.0,268.0,59.0,87.0,122.0,484.0
2017.0,James Michael,PF,24.0,GSW,52.0,,457.0,,,60.0,109.0,21.0,42.0,47.0,147.0
2017.0,Patrick McCaw,SG,21.0,GSW,71.0,,1074.0,,,65.0,122.0,29.0,37.0,62.0,282.0
2017.0,Sheldon McClellan,SG,24.0,WAS,30.0,,287.0,,,23.0,45.0,23.0,27.0,17.0,90.0
2017.0,C.J. McCollum,SG,25.0,POR,80.0,,2796.0,,,507.0,1001.0,268.0,294.0,202.0,1837.0
2017.0,T.J. McConnell,PG,24.0,PHI,81.0,,2133.0,,,225.0,457.0,73.0,90.0,139.0,556.0
2017.0,Chris McCullough,PF,21.0,TOT,16.0,0,80.0,1,,15.0,25.0,3.0,5.0,7.0,36.0
2017.0,Chris McCullough,PF,21.0,BRK,14.0,0,72.0,1,,15.0,25.0,2.0,3.0,7.0,35.0
2017.0,Chris McCullough,PF,21.0,WAS,2.0,0,8.0,0,1,0.0,0.0,1.0,2.0,0.0,1.0
2017.0,K.J. McDaniels,SF,23.0,TOT,49.0,0,505.0,,,57.0,103.0,32.0,38.0,49.0,206.0
2017.0,K.J. McDaniels,SF,23.0,HOU,29.0,0,212.0,,,22.0,41.0,9.0,10.0,24.0,80.0
2017.0,K.J. McDaniels,SF,23.0,BRK,20.0,0,293.0,,,35.0,62.0,23.0,28.0,25.0,126.0
2017.0,Doug McDermott,SF,25.0,TOT,66.0,,1508.0,,,145.0,290.0,71.0,84.0,79.0,592.0
2017.0,Doug McDermott,SF,25.0,CHI,44.0,,1078.0,,,110.0,224.0,59.0,67.0,57.0,447.0
2017.0,Doug McDermott,SF,25.0,OKC,22.0,1,430.0,,,35.0,66.0,12.0,17.0,22.0,145.0
2017.0,JaVale McGee,C,29.0,GSW,77.0,,739.0,0,,208.0,315.0,56.0,111.0,109.0,472.0
2017.0,Rodney McGruder,SG,25.0,MIA,78.0,,1966.0,,,117.0,240.0,44.0,71.0,140.0,497.0
2017.0,Ben McLemore,SG,23.0,SAC,61.0,,1176.0,,,115.0,249.0,70.0,93.0,108.0,495.0
2017.0,Jordan McRae,SG,25.0,CLE,37.0,,384.0,,,40.0,99.0,27.0,34.0,31.0,161.0
2017.0,Josh McRoberts,PF,29.0,MIA,22.0,,381.0,,,31.0,87.0,6.0,9.0,31.0,107.0
2017.0,Jodie Meeks,SG,29.0,ORL,36.0,,738.0,,,47.0,119.0,65.0,74.0,41.0,327.0
2017.0,Salah Mejri,C,30.0,DAL,73.0,,905.0,1,,87.0,134.0,36.0,61.0,152.0,213.0
2017.0,Jordan Mickey,PF,22.0,BOS,25.0,1,141.0,0,1,15.0,33.0,8.0,14.0,12.0,38.0
2017.0,Khris Middleton,SF,25.0,MIL,29.0,,889.0,,,105.0,229.0,81.0,92.0,79.0,426.0
2017.0,C.J. Miles,SF,29.0,IND,76.0,,1776.0,,,112.0,238.0,84.0,93.0,151.0,815.0
2017.0,Mike Miller,SF,36.0,DEN,20.0,0,151.0,,,1.0,3.0,2.0,2.0,9.0,28.0
2017.0,Patty Mills,PG,28.0,SAS,80.0,,1754.0,,,126.0,266.0,66.0,80.0,109.0,759.0
2017.0,Elijah Millsap,SG,29.0,PHO,2.0,0,23.0,0,,1.0,5.0,1.0,2.0,2.0,3.0
2017.0,Paul Millsap,PF,31.0,ATL,69.0,,2343.0,,,355.0,731.0,311.0,405.0,186.0,1246.0
2017.0,Nikola Mirotic,PF,25.0,CHI,70.0,,1679.0,,,129.0,248.0,99.0,128.0,128.0,744.0
2017.0,Greg Monroe,C,26.0,MIL,81.0,0,1823.0,0,,387.0,722.0,177.0,239.0,168.0,951.0
2017.0,E'Twaun Moore,SG,27.0,NOP,73.0,,1820.0,,,206.0,411.0,57.0,74.0,131.0,700.0
2017.0,Marcus Morris,SF,27.0,DET,79.0,,2565.0,,,303.0,650.0,145.0,185.0,168.0,1105.0
2017.0,Markieff Morris,PF,27.0,WAS,76.0,,2374.0,,,335.0,693.0,180.0,215.0,254.0,1063.0
2017.0,Anthony Morrow,SG,31.0,TOT,49.0,,714.0,,,57.0,119.0,34.0,37.0,44.0,271.0
2017.0,Anthony Morrow,SG,31.0,OKC,40.0,,627.0,,,51.0,104.0,23.0,26.0,40.0,230.0
2017.0,Anthony Morrow,SG,31.0,CHI,9.0,0,87.0,,,6.0,15.0,11.0,11.0,4.0,41.0
2017.0,Donatas Motiejunas,PF,26.0,NOP,34.0,0,479.0,,,46.0,91.0,25.0,49.0,55.0,150.0
2017.0,Timofey Mozgov,C,30.0,LAL,54.0,,1104.0,0,1,169.0,327.0,63.0,78.0,133.0,401.0
2017.0,Emmanuel Mudiay,PG,20.0,DEN,55.0,,1406.0,,,152.0,373.0,131.0,167.0,95.0,603.0
2017.0,Shabazz Muhammad,SF,24.0,MIN,78.0,1,1516.0,,,239.0,452.0,147.0,190.0,86.0,772.0
2017.0,Dejounte Murray,PG,20.0,SAS,38.0,,322.0,,,41.0,93.0,21.0,30.0,29.0,130.0
2017.0,Jamal Murray,SG,19.0,DEN,82.0,,1764.0,,,180.0,386.0,106.0,120.0,124.0,811.0
2017.0,Mike Muscala,C,25.0,ATL,70.0,,1237.0,,,124.0,227.0,49.0,64.0,97.0,435.0
2017.0,Larry Nance,PF,24.0,LAL,63.0,,1442.0,,,180.0,325.0,59.0,80.0,149.0,449.0
2017.0,Shabazz Napier,PG,25.0,POR,53.0,,512.0,,,39.0,91.0,38.0,49.0,38.0,218.0
2017.0,Maurice Ndour,PF,24.0,NYK,32.0,,331.0,1,,38.0,79.0,19.0,26.0,30.0,98.0
2017.0,Gary Neal,SG,32.0,ATL,2.0,0,18.0,0,,0.0,5.0,4.0,4.0,1.0,4.0
2017.0,Jameer Nelson,PG,34.0,DEN,75.0,,2045.0,,,162.0,331.0,45.0,63.0,197.0,687.0
2017.0,Raul Neto,PG,24.0,UTA,40.0,0,346.0,,,31.0,60.0,8.0,9.0,48.0,100.0
2017.0,Georges Niang,PF,23.0,IND,23.0,0,93.0,1,,8.0,24.0,2.0,2.0,6.0,21.0
2017.0,Andrew Nicholson,PF,27.0,TOT,38.0,0,342.0,,,38.0,84.0,9.0,14.0,55.0,100.0
2017.0,Andrew Nicholson,PF,27.0,WAS,28.0,0,231.0,,,27.0,61.0,7.0,12.0,37.0,70.0
2017.0,Andrew Nicholson,PF,27.0,BRK,10.0,0,111.0,,,11.0,23.0,2.0,2.0,18.0,30.0
2017.0,Joakim Noah,C,31.0,NYK,46.0,,1015.0,0,1,99.0,200.0,34.0,78.0,127.0,232.0
2017.0,Nerlens Noel,C,22.0,TOT,51.0,,1047.0,0,1,184.0,308.0,77.0,111.0,126.0,445.0
2017.0,Nerlens Noel,C,22.0,PHI,29.0,,564.0,0,1,107.0,174.0,43.0,63.0,71.0,257.0
2017.0,Nerlens Noel,C,22.0,DAL,22.0,,483.0,0,0,77.0,134.0,34.0,48.0,55.0,188.0
2017.0,Lucas Nogueira,C,24.0,TOR,57.0,,1088.0,,,100.0,144.0,44.0,67.0,137.0,253.0
2017.0,Steve Novak,PF,33.0,MIL,8.0,0,22.0,1,,1.0,1.0,0.0,0.0,1.0,5.0
2017.0,Dirk Nowitzki,PF,38.0,DAL,54.0,,1424.0,,,217.0,469.0,98.0,112.0,113.0,769.0
2017.0,Jusuf Nurkic,C,22.0,TOT,65.0,,1391.0,0,1,271.0,533.0,120.0,210.0,161.0,662.0
2017.0,Jusuf Nurkic,C,22.0,DEN,45.0,,807.0,0,0,151.0,298.0,56.0,113.0,88.0,358.0
2017.0,Jusuf Nurkic,C,22.0,POR,20.0,,584.0,0,1,120.0,235.0,64.0,97.0,73.0,304.0
2017.0,David Nwaba,SG,24.0,LAL,20.0,,397.0,1,,46.0,76.0,25.0,39.0,36.0,120.0
2017.0,Johnny O'Bryant,PF,23.0,TOT,11.0,0,80.0,,,12.0,24.0,5.0,6.0,10.0,38.0
2017.0,Johnny O'Bryant,PF,23.0,DEN,7.0,0,46.0,,,5.0,12.0,4.0,4.0,4.0,20.0
2017.0,Johnny O'Bryant,PF,23.0,CHO,4.0,0,34.0,1,,7.0,12.0,1.0,2.0,6.0,18.0
2017.0,Kyle O'Quinn,C,26.0,NYK,79.0,,1229.0,,,213.0,396.0,64.0,83.0,174.0,496.0
2017.0,Daniel Ochefu,C,23.0,WAS,19.0,0,75.0,0,0,12.0,27.0,0.0,2.0,17.0,24.0
2017.0,Jahlil Okafor,C,21.0,PHI,50.0,,1134.0,0,0,242.0,471.0,106.0,158.0,122.0,590.0
2017.0,Victor Oladipo,SG,24.0,OKC,67.0,,2222.0,,,285.0,580.0,116.0,154.0,155.0,1067.0
2017.0,Kelly Olynyk,C,25.0,BOS,75.0,,1538.0,,,192.0,316.0,90.0,123.0,207.0,678.0
2017.0,Arinze Onuaku,C,29.0,ORL,8.0,0,28.0,0,0,2.0,4.0,0.0,0.0,3.0,4.0
2017.0,Chinanu Onuaku,C,20.0,HOU,5.0,1,52.0,0,0,5.0,7.0,4.0,4.0,6.0,14.0
2017.0,Kelly Oubre,SF,21.0,WAS,79.0,,1605.0,,,132.0,254.0,75.0,99.0,195.0,501.0
2017.0,Zaza Pachulia,C,32.0,GSW,70.0,,1268.0,0,,164.0,305.0,98.0,126.0,166.0,426.0
2017.0,Georgios Papagiannis,C,19.0,SAC,22.0,0,355.0,0,,56.0,100.0,12.0,14.0,44.0,124.0
2017.0,Jabari Parker,PF,21.0,MIL,51.0,,1728.0,,,334.0,636.0,162.0,218.0,111.0,1025.0
2017.0,Tony Parker,PG,34.0,SAS,63.0,,1587.0,,,242.0,500.0,85.0,117.0,92.0,638.0
2017.0,Chandler Parsons,SF,28.0,MEM,34.0,,675.0,,,50.0,129.0,35.0,43.0,52.0,210.0
2017.0,Lamar Patterson,SG,25.0,ATL,5.0,0,40.0,1,,2.0,9.0,2.0,3.0,6.0,9.0
2017.0,Patrick Patterson,PF,27.0,TOR,65.0,,1599.0,,,60.0,131.0,43.0,60.0,120.0,445.0
2017.0,Chris Paul,PG,31.0,LAC,61.0,,1921.0,,,250.0,483.0,232.0,260.0,146.0,1104.0
2017.0,Adreian Payne,PF,25.0,MIN,18.0,0,135.0,,,20.0,39.0,14.0,19.0,32.0,63.0
2017.0,Cameron Payne,PG,22.0,TOT,31.0,0,462.0,,,37.0,107.0,5.0,8.0,52.0,160.0
2017.0,Cameron Payne,PG,22.0,OKC,20.0,0,320.0,,,27.0,78.0,4.0,4.0,38.0,106.0
2017.0,Cameron Payne,PG,22.0,CHI,11.0,0,142.0,,,10.0,29.0,1.0,4.0,14.0,54.0
2017.0,Elfrid Payton,PG,22.0,ORL,82.0,,2412.0,,,390.0,766.0,146.0,211.0,177.0,1046.0
2017.0,Gary Payton,PG,24.0,MIL,6.0,0,99.0,1,,7.0,13.0,3.0,5.0,9.0,20.0
2017.0,Paul Pierce,SF,39.0,LAC,25.0,,277.0,,,13.0,27.0,10.0,13.0,40.0,81.0
2017.0,Marshall Plumlee,C,24.0,NYK,21.0,1,170.0,0,0,16.0,30.0,8.0,19.0,23.0,40.0
2017.0,Mason Plumlee,C,26.0,TOT,81.0,,2148.0,0,,334.0,617.0,174.0,300.0,226.0,842.0
2017.0,Mason Plumlee,C,26.0,POR,54.0,,1516.0,0,,235.0,437.0,127.0,224.0,149.0,597.0
2017.0,Mason Plumlee,C,26.0,DEN,27.0,,632.0,0,1,99.0,180.0,47.0,76.0,77.0,245.0
2017.0,Miles Plumlee,C,28.0,TOT,45.0,,484.0,0,0,44.0,92.0,25.0,39.0,73.0,113.0
2017.0,Miles Plumlee,C,28.0,MIL,32.0,,310.0,0,0,30.0,68.0,22.0,35.0,48.0,82.0
2017.0,Miles Plumlee,C,28.0,CHO,13.0,0,174.0,0,0,14.0,24.0,3.0,4.0,25.0,31.0
2017.0,Jakob Poeltl,C,21.0,TOR,54.0,,626.0,0,0,67.0,115.0,31.0,57.0,113.0,165.0
2017.0,Otto Porter,SF,23.0,WAS,80.0,,2605.0,,,266.0,462.0,99.0,119.0,193.0,1075.0
2017.0,Bobby Portis,PF,21.0,CHI,64.0,,1000.0,,,151.0,279.0,39.0,59.0,94.0,437.0
2017.0,Kristaps Porzingis,PF,21.0,NYK,66.0,,2164.0,,,331.0,671.0,198.0,252.0,244.0,1196.0
2017.0,Dwight Powell,C,25.0,DAL,77.0,,1333.0,,,173.0,303.0,107.0,141.0,135.0,516.0
2017.0,Norman Powell,SG,23.0,TOR,76.0,,1368.0,,,171.0,333.0,126.0,159.0,127.0,636.0
2017.0,Alex Poythress,PF,23.0,PHI,6.0,1,157.0,,,19.0,35.0,8.0,10.0,14.0,64.0
2017.0,Ronnie Price,PG,33.0,PHO,14.0,0,134.0,,,1.0,7.0,3.0,4.0,14.0,14.0
2017.0,Tim Quarterman,SG,22.0,POR,16.0,0,80.0,,,8.0,16.0,0.0,3.0,6.0,31.0
2017.0,Chasson Randle,PG,23.0,TOT,26.0,0,299.0,,,24.0,51.0,41.0,43.0,39.0,137.0
2017.0,Chasson Randle,PG,23.0,PHI,8.0,0,74.0,,,6.0,11.0,12.0,12.0,11.0,42.0
2017.0,Chasson Randle,PG,23.0,NYK,18.0,0,225.0,,,18.0,40.0,29.0,31.0,28.0,95.0
2017.0,Julius Randle,PF,22.0,LAL,74.0,,2132.0,,,360.0,710.0,204.0,282.0,248.0,975.0
2017.0,Zach Randolph,PF,35.0,MEM,73.0,,1786.0,,,412.0,870.0,141.0,193.0,136.0,1028.0
2017.0,J.J. Redick,SG,32.0,LAC,78.0,,2198.0,,,195.0,422.0,180.0,202.0,125.0,1173.0
2017.0,Willie Reed,C,26.0,MIA,71.0,,1031.0,1,,161.0,281.0,49.0,88.0,137.0,374.0
2017.0,Josh Richardson,SG,23.0,MIA,53.0,,1614.0,,,127.0,286.0,60.0,77.0,132.0,539.0
2017.0,Malachi Richardson,SG,21.0,SAC,22.0,0,198.0,,,20.0,40.0,15.0,19.0,23.0,79.0
2017.0,Austin Rivers,SG,24.0,LAC,74.0,,2054.0,,,212.0,432.0,132.0,191.0,187.0,889.0
2017.0,Andre Roberson,SF,25.0,OKC,79.0,,2376.0,,,170.0,279.0,47.0,111.0,204.0,522.0
2017.0,Brian Roberts,PG,31.0,CHO,41.0,,416.0,,,29.0,78.0,33.0,39.0,18.0,142.0
2017.0,Glenn Robinson,SF,23.0,IND,69.0,,1426.0,,,109.0,213.0,54.0,76.0,63.0,419.0
2017.0,Thomas Robinson,PF,25.0,LAL,48.0,1,560.0,0,1,105.0,195.0,31.0,66.0,76.0,241.0
2017.0,Sergio Rodriguez,PG,30.0,PHI,68.0,,1518.0,,,118.0,284.0,18.0,27.0,95.0,530.0
2017.0,Rajon Rondo,PG,30.0,CHI,69.0,,1843.0,,,179.0,428.0,30.0,50.0,144.0,538.0
2017.0,Derrick Rose,PG,28.0,NYK,64.0,,2082.0,,,447.0,917.0,221.0,253.0,84.0,1154.0
2017.0,Terrence Ross,SF,25.0,TOT,78.0,,1955.0,,,184.0,355.0,64.0,77.0,143.0,858.0
2017.0,Terrence Ross,SF,25.0,TOR,54.0,0,1207.0,,,115.0,223.0,41.0,50.0,82.0,559.0
2017.0,Terrence Ross,SF,25.0,ORL,24.0,,748.0,,,69.0,132.0,23.0,27.0,61.0,299.0
2017.0,Terry Rozier,PG,22.0,BOS,74.0,0,1263.0,,,94.0,232.0,51.0,66.0,69.0,410.0
2017.0,Ricky Rubio,PG,26.0,MIN,75.0,,2469.0,,,201.0,454.0,254.0,285.0,202.0,836.0
2017.0,Damjan Rudez,SF,30.0,ORL,45.0,0,314.0,,,11.0,24.0,0.0,0.0,31.0,82.0
2017.0,Brandon Rush,SG,31.0,MIN,47.0,,1030.0,,,26.0,73.0,13.0,18.0,42.0,197.0
2017.0,D'Angelo Russell,PG,20.0,LAL,63.0,,1811.0,,,216.0,483.0,147.0,188.0,130.0,984.0
2017.0,Domantas Sabonis,PF,20.0,OKC,81.0,,1632.0,,,141.0,322.0,44.0,67.0,200.0,479.0
2017.0,Larry Sanders,C,28.0,CLE,5.0,0,13.0,0,0,1.0,4.0,2.0,2.0,5.0,4.0
2017.0,Dario Saric,PF,22.0,PHI,81.0,,2129.0,,,275.0,586.0,172.0,220.0,162.0,1040.0
2017.0,Tomas Satoransky,SG,25.0,WAS,57.0,,719.0,,,52.0,109.0,23.0,33.0,60.0,154.0
2017.0,Dennis Schroder,PG,23.0,ATL,79.0,,2485.0,,,448.0,921.0,218.0,255.0,149.0,1414.0
2017.0,Luis Scola,PF,36.0,BRK,36.0,1,461.0,,,54.0,101.0,25.0,37.0,63.0,184.0
2017.0,Mike Scott,PF,28.0,ATL,18.0,0,195.0,,,13.0,32.0,7.0,8.0,12.0,45.0
2017.0,Thabo Sefolosha,SF,32.0,ATL,62.0,,1596.0,,,133.0,275.0,55.0,75.0,97.0,444.0
2017.0,Wayne Selden,SG,22.0,TOT,14.0,,236.0,,,18.0,30.0,14.0,22.0,18.0,71.0
2017.0,Wayne Selden,SG,22.0,NOP,3.0,,47.0,,,1.0,1.0,2.0,4.0,6.0,16.0
2017.0,Wayne Selden,SG,22.0,MEM,11.0,,189.0,,,17.0,29.0,12.0,18.0,12.0,55.0
2017.0,Kevin Seraphin,PF,27.0,IND,49.0,,559.0,0,,109.0,196.0,14.0,22.0,66.0,232.0
2017.0,Ramon Sessions,PG,30.0,CHO,50.0,1,811.0,,,79.0,201.0,91.0,118.0,43.0,312.0
2017.0,Iman Shumpert,SG,26.0,CLE,76.0,,1937.0,,,107.0,228.0,71.0,90.0,150.0,567.0
2017.0,Pascal Siakam,PF,22.0,TOR,55.0,,859.0,1,,102.0,198.0,22.0,32.0,109.0,229.0
2017.0,Jonathon Simmons,SG,27.0,SAS,78.0,,1392.0,,,147.0,319.0,99.0,132.0,146.0,483.0
2017.0,Kyle Singler,SF,28.0,OKC,32.0,,385.0,,,27.0,46.0,13.0,17.0,29.0,88.0
2017.0,Marcus Smart,SG,22.0,BOS,79.0,,2399.0,,,175.0,417.0,203.0,250.0,192.0,835.0
2017.0,Ish Smith,PG,28.0,DET,81.0,,1955.0,,,301.0,644.0,72.0,102.0,127.0,758.0
2017.0,J.R. Smith,SG,31.0,CLE,41.0,,1187.0,,,28.0,85.0,10.0,15.0,77.0,351.0
2017.0,Jason Smith,C,30.0,WAS,74.0,,1068.0,,,137.0,251.0,35.0,51.0,168.0,420.0
2017.0,Tony Snell,SG,25.0,MIL,80.0,,2336.0,,,102.0,186.0,47.0,58.0,125.0,683.0
2017.0,Marreese Speights,C,29.0,LAC,82.0,,1286.0,,,141.0,271.0,120.0,137.0,229.0,711.0
2017.0,Tiago Splitter,C,32.0,PHI,8.0,0,76.0,,,12.0,25.0,9.0,11.0,8.0,39.0
2017.0,Nik Stauskas,SG,23.0,PHI,80.0,,2188.0,,,119.0,275.0,122.0,150.0,144.0,756.0
2017.0,Lance Stephenson,SG,26.0,TOT,18.0,0,361.0,,,48.0,100.0,8.0,13.0,32.0,122.0
2017.0,Lance Stephenson,SG,26.0,NOP,6.0,0,162.0,1,,25.0,45.0,5.0,8.0,18.0,58.0
2017.0,Lance Stephenson,SG,26.0,MIN,6.0,0,67.0,0,,10.0,19.0,1.0,2.0,2.0,21.0
2017.0,Lance Stephenson,SG,26.0,IND,6.0,0,132.0,,,13.0,36.0,2.0,3.0,12.0,43.0
2017.0,Jarnell Stokes,C,23.0,DEN,2.0,0,7.0,0,0,1.0,1.0,1.0,2.0,3.0,3.0
2017.0,Diamond Stone,C,19.0,LAC,7.0,0,24.0,0,0,3.0,13.0,4.0,4.0,5.0,10.0
2017.0,Rodney Stuckey,PG,30.0,IND,39.0,0,696.0,,,72.0,184.0,80.0,107.0,44.0,281.0
2017.0,Jared Sullinger,PF,24.0,TOR,11.0,1,118.0,,,12.0,30.0,4.0,8.0,17.0,37.0
2017.0,Edy Tavares,C,24.0,TOT,2.0,0,28.0,0,0,4.0,5.0,0.0,3.0,3.0,8.0
2017.0,Edy Tavares,C,24.0,ATL,1.0,0,4.0,0,0,1.0,1.0,0.0,2.0,0.0,2.0
2017.0,Edy Tavares,C,24.0,CLE,1.0,0,24.0,0,0,3.0,4.0,0.0,1.0,3.0,6.0
2017.0,Isaiah Taylor,PG,22.0,HOU,4.0,0,52.0,0,,1.0,5.0,1.0,2.0,6.0,3.0
2017.0,Jeff Teague,PG,28.0,IND,82.0,,2657.0,,,312.0,657.0,360.0,415.0,165.0,1254.0
2017.0,Mirza Teletovic,PF,31.0,MIL,70.0,,1133.0,,,52.0,113.0,35.0,45.0,109.0,451.0
2017.0,Garrett Temple,SG,30.0,SAC,65.0,,1728.0,,,101.0,212.0,58.0,74.0,141.0,506.0
2017.0,Jason Terry,SG,39.0,MIL,74.0,0,1365.0,,,32.0,72.0,24.0,29.0,95.0,307.0
2017.0,Isaiah Thomas,PG,27.0,BOS,76.0,,2569.0,,,437.0,827.0,590.0,649.0,167.0,2199.0
2017.0,Lance Thomas,PF,28.0,NYK,46.0,,968.0,,,59.0,159.0,43.0,51.0,85.0,275.0
2017.0,Hollis Thompson,SG,25.0,TOT,40.0,,752.0,,,45.0,105.0,19.0,29.0,69.0,205.0
2017.0,Hollis Thompson,SG,25.0,PHI,31.0,1,561.0,,,40.0,88.0,13.0,20.0,55.0,171.0
2017.0,Hollis Thompson,SG,25.0,NOP,9.0,,191.0,,,5.0,17.0,6.0,9.0,14.0,34.0
2017.0,Klay Thompson,SG,26.0,GSW,78.0,,2649.0,,,376.0,729.0,186.0,218.0,139.0,1742.0
2017.0,Tristan Thompson,C,25.0,CLE,78.0,,2336.0,0,,262.0,434.0,106.0,213.0,176.0,630.0
2017.0,Marcus Thornton,SG,29.0,WAS,33.0,1,575.0,,,56.0,130.0,23.0,27.0,48.0,219.0
2017.0,Mike Tobey,C,22.0,CHO,2.0,0,25.0,0,0,1.0,4.0,0.0,0.0,2.0,2.0
2017.0,Anthony Tolliver,PF,31.0,SAC,65.0,,1477.0,,,65.0,121.0,61.0,82.0,109.0,461.0
2017.0,Axel Toupane,SF,24.0,TOT,4.0,0,47.0,1,,4.0,5.0,0.0,0.0,6.0,11.0
2017.0,Axel Toupane,SF,24.0,MIL,2.0,0,6.0,0,1,0.0,0.0,0.0,0.0,1.0,0.0
2017.0,Axel Toupane,SF,24.0,NOP,2.0,0,41.0,1,,4.0,5.0,0.0,0.0,5.0,11.0
2017.0,Karl-Anthony Towns,C,21.0,MIN,82.0,,3030.0,,,701.0,1204.0,356.0,428.0,241.0,2061.0
2017.0,P.J. Tucker,SF,31.0,TOT,81.0,,2236.0,,,129.0,286.0,72.0,93.0,196.0,540.0
2017.0,P.J. Tucker,SF,31.0,PHO,57.0,,1627.0,,,101.0,218.0,61.0,77.0,143.0,401.0
2017.0,P.J. Tucker,SF,31.0,TOR,24.0,,609.0,,,28.0,68.0,11.0,16.0,53.0,139.0
2017.0,Evan Turner,SF,28.0,POR,65.0,,1658.0,,,204.0,434.0,85.0,103.0,121.0,586.0
2017.0,Myles Turner,C,20.0,IND,81.0,,2541.0,,,404.0,754.0,245.0,303.0,262.0,1173.0
2017.0,Beno Udrih,PG,34.0,DET,39.0,0,560.0,,,81.0,165.0,32.0,34.0,29.0,227.0
2017.0,Tyler Ulis,PG,21.0,PHO,61.0,,1123.0,,,163.0,358.0,55.0,71.0,73.0,444.0
2017.0,Jarrod Uthoff,PF,23.0,DAL,9.0,0,115.0,,,13.0,29.0,5.0,7.0,8.0,40.0
2017.0,Jonas Valanciunas,C,24.0,TOR,80.0,,2066.0,1,,390.0,700.0,176.0,217.0,216.0,959.0
2017.0,Denzel Valentine,SG,23.0,CHI,57.0,0,976.0,,,29.0,80.0,14.0,18.0,86.0,291.0
2017.0,Fred VanVleet,PG,22.0,TOR,37.0,0,294.0,,,28.0,82.0,18.0,22.0,36.0,107.0
2017.0,Anderson Varejao,C,34.0,GSW,14.0,1,92.0,0,0,5.0,14.0,8.0,11.0,16.0,18.0
2017.0,Greivis Vasquez,PG,30.0,BRK,3.0,0,39.0,1,,1.0,5.0,2.0,3.0,6.0,7.0
2017.0,Rashad Vaughn,SG,20.0,MIL,41.0,,458.0,,,31.0,75.0,2.0,5.0,32.0,142.0
2017.0,Noah Vonleh,PF,21.0,POR,74.0,,1265.0,,,123.0,250.0,60.0,94.0,154.0,327.0
2017.0,Nikola Vucevic,C,26.0,ORL,75.0,,2163.0,,,460.0,956.0,107.0,160.0,180.0,1096.0
2017.0,Sasha Vujacic,SG,32.0,NYK,42.0,,408.0,,,19.0,62.0,17.0,24.0,38.0,124.0
2017.0,Dwyane Wade,SG,35.0,CHI,60.0,,1792.0,,,369.0,810.0,223.0,281.0,112.0,1096.0
2017.0,Dion Waiters,SG,25.0,MIA,46.0,,1384.0,,,196.0,448.0,82.0,127.0,95.0,729.0
2017.0,Kemba Walker,PG,26.0,CHO,79.0,,2739.0,,,403.0,847.0,304.0,359.0,119.0,1830.0
2017.0,John Wall,PG,26.0,WAS,78.0,,2836.0,,,558.0,1163.0,422.0,527.0,151.0,1805.0
2017.0,Taurean Waller-Prince,SF,22.0,ATL,59.0,,981.0,,,81.0,183.0,74.0,94.0,96.0,335.0
2017.0,T.J. Warren,SF,23.0,PHO,66.0,,2048.0,,,377.0,716.0,119.0,154.0,175.0,951.0
2017.0,C.J. Watson,PG,32.0,ORL,62.0,,1012.0,,,64.0,143.0,57.0,66.0,84.0,281.0
2017.0,Briante Weber,PG,24.0,TOT,20.0,0,205.0,1,,24.0,50.0,11.0,16.0,16.0,62.0
2017.0,Briante Weber,PG,24.0,GSW,7.0,0,46.0,0,,5.0,11.0,2.0,3.0,4.0,12.0
2017.0,Briante Weber,PG,24.0,CHO,13.0,0,159.0,1,,19.0,39.0,9.0,13.0,12.0,50.0
2017.0,David West,C,36.0,GSW,68.0,0,854.0,,,132.0,244.0,43.0,56.0,105.0,316.0
2017.0,Russell Westbrook,PG,28.0,OKC,81.0,,2802.0,,,624.0,1358.0,710.0,840.0,190.0,2558.0
2017.0,Okaro White,PF,24.0,MIA,35.0,0,471.0,,,21.0,53.0,20.0,22.0,52.0,98.0
2017.0,Isaiah Whitehead,PG,21.0,BRK,73.0,,1643.0,,,160.0,359.0,91.0,113.0,175.0,543.0
2017.0,Hassan Whiteside,C,27.0,MIA,77.0,,2513.0,0,0,542.0,973.0,225.0,358.0,226.0,1309.0
2017.0,Andrew Wiggins,SF,21.0,MIN,82.0,,3048.0,,,606.0,1281.0,412.0,542.0,183.0,1933.0
2017.0,C.J. Wilcox,SG,26.0,ORL,22.0,0,108.0,,,5.0,16.0,2.0,2.0,8.0,21.0
2017.0,Alan Williams,C,24.0,PHO,47.0,0,708.0,0,1,138.0,266.0,70.0,112.0,125.0,346.0
2017.0,Deron Williams,PG,32.0,TOT,64.0,,1657.0,,,178.0,366.0,90.0,109.0,138.0,701.0
2017.0,Deron Williams,PG,32.0,DAL,40.0,,1171.0,,,132.0,272.0,69.0,84.0,96.0,522.0
2017.0,Deron Williams,PG,32.0,CLE,24.0,,486.0,,,46.0,94.0,21.0,25.0,42.0,179.0
2017.0,Derrick Williams,PF,25.0,TOT,50.0,,804.0,,,78.0,147.0,58.0,89.0,60.0,304.0
2017.0,Derrick Williams,PF,25.0,MIA,25.0,,377.0,,,45.0,92.0,31.0,50.0,33.0,148.0
2017.0,Derrick Williams,PF,25.0,CLE,25.0,0,427.0,,,33.0,55.0,27.0,39.0,27.0,156.0
2017.0,Lou Williams,SG,30.0,TOT,81.0,1,1994.0,,,265.0,552.0,402.0,457.0,92.0,1421.0
2017.0,Lou Williams,SG,30.0,LAL,58.0,1,1403.0,,,204.0,417.0,304.0,344.0,67.0,1078.0
2017.0,Lou Williams,SG,30.0,HOU,23.0,0,591.0,,,61.0,135.0,98.0,113.0,25.0,343.0
2017.0,Marvin Williams,PF,30.0,CHO,76.0,,2295.0,,,173.0,350.0,131.0,150.0,134.0,849.0
2017.0,Reggie Williams,SF,30.0,NOP,6.0,0,79.0,,,3.0,12.0,6.0,7.0,2.0,27.0
2017.0,Troy Williams,SF,22.0,TOT,30.0,,557.0,,,55.0,105.0,21.0,32.0,60.0,185.0
2017.0,Troy Williams,SF,22.0,MEM,24.0,,418.0,,,41.0,82.0,15.0,25.0,42.0,127.0
2017.0,Troy Williams,SF,22.0,HOU,6.0,,139.0,,,14.0,23.0,6.0,7.0,18.0,58.0
2017.0,Kyle Wiltjer,PF,24.0,HOU,14.0,0,44.0,,,0.0,1.0,1.0,2.0,4.0,13.0
2017.0,Justise Winslow,SF,20.0,MIA,18.0,,625.0,,,73.0,190.0,29.0,47.0,52.0,196.0
2017.0,Jeff Withey,C,26.0,UTA,51.0,1,432.0,0,1,55.0,102.0,36.0,48.0,52.0,146.0
2017.0,Christian Wood,PF,21.0,CHO,13.0,0,107.0,0,,12.0,18.0,11.0,15.0,11.0,35.0
2017.0,Metta World,SF,37.0,LAL,25.0,,160.0,,,10.0,30.0,10.0,16.0,18.0,57.0
2017.0,Brandan Wright,PF,29.0,MEM,28.0,,447.0,0,1,83.0,134.0,23.0,35.0,42.0,189.0
2017.0,Delon Wright,PG,24.0,TOR,27.0,0,446.0,,,39.0,86.0,42.0,55.0,31.0,150.0
2017.0,James Young,SG,21.0,BOS,29.0,0,220.0,,,13.0,23.0,6.0,9.0,15.0,68.0
2017.0,Joe Young,PG,24.0,IND,33.0,0,135.0,,,21.0,49.0,11.0,15.0,5.0,68.0
2017.0,Nick Young,SG,31.0,LAL,60.0,,1556.0,,,102.0,212.0,77.0,90.0,137.0,791.0
2017.0,Thaddeus Young,PF,28.0,IND,74.0,,2237.0,,,317.0,569.0,45.0,86.0,135.0,814.0
2017.0,Cody Zeller,PF,24.0,CHO,62.0,,1725.0,0,1,253.0,442.0,133.0,196.0,189.0,639.0
2017.0,Tyler Zeller,C,27.0,BOS,51.0,,525.0,0,1,78.0,157.0,22.0,39.0,61.0,178.0
2017.0,Stephen Zimmerman,C,20.0,ORL,19.0,0,108.0,0,0,10.0,31.0,3.0,5.0,17.0,23.0
2017.0,Paul Zipser,SF,22.0,CHI,44.0,,843.0,,,55.0,122.0,31.0,40.0,78.0,240.0
2017.0,Ivica Zubac,C,19.0,LAL,38.0,,609.0,0,,126.0,235.0,32.0,49.0,66.0,284.0
